file_name,text
CTN001jpg,"gdo_cartoon editorial cartoon | political cartoon | caricature | newspaper illustration, pen and ink | cross-hatching | bold outlines | hand-drawn linework | varied line weight | gestural strokes, black and white | monochrome | print cartoon | white background | no color fill, satirical | confrontational | exaggerated | humorous tension | absurdist, dry wit | political commentary | ironic | sharp | deadpan, three figure layout | horizontal spread | left to right narrative flow | large negative white space | frontal view | eye level | speech bubble top left | asymmetric balance | isolated figures | implied ground plane"
CTN002jpg,"gdo_cartoon editorial cartoon | political cartoon | caricature | newspaper illustration, pen and ink | cross-hatching | bold outlines | hand-drawn linework | spot color red | varied line weight | dense detail, black white and red | limited color | print cartoon | white background, dark | disturbing | satirical | grotesque | critical, scathing | accusatory | macabre | political condemnation | darkly ironic, vertical layering | figure above chaos | foreground to background depth | desk as stage | crowd below | top-heavy weight | speech bubble top right | birdcage prop | portrait inset top left | dense lower third"
CTN003jpg,"gdo_cartoon editorial cartoon | political cartoon | caricature | strip format | multi-panel, pen and ink | cross-hatching | bold outlines | hand-drawn linework | decorative pattern fills | varied line weight, black and white | monochrome | print cartoon | paneled layout, satirical | skeptical | cynical | dry humour | wry, political commentary | ironic | deadpan | comparative | resigned, three panel horizontal strip | portrait frames within panels | figures below portraits | left to right narrative | speech bubbles per panel | bordered panels | equal panel width | eye level | frontal figures"
CTN004jpg,"gdo_cartoon editorial cartoon | political cartoon | caricature | surrealist metaphor | newspaper illustration, pen and ink | dense cross-hatching | bold outlines | hand-drawn linework | scale texture detail | varied line weight | wavy motion lines, black and white | monochrome | print cartoon | white background, grotesque | absurdist | darkly comic | critical | surreal, political allegory | scathing | metaphorical | satirical | ironic, two figure layout | large object dominates left | small figure right | strong diagonal | extreme scale contrast | eye level | wide negative space upper half | implied table surface | texture-heavy centerpiece"
CTN005jpg,"gdo_cartoon editorial cartoon | political cartoon | caricature | newspaper illustration, pen and ink | cross-hatching | bold outlines | hand-drawn linework | varied line weight | radiating lines top left, black and white | monochrome | print cartoon | white background, threatening | confrontational | satirical | tense | darkly comic, political commentary | sharp | aggressive satire | ironic | accusatory, group at table | single dominant figure right | radial focus top left medallion | speech bubble center | rounded table arrangement | frontal and three-quarter views | wide shot | figures with hands raised | asymmetric balance | eye level"
CTN006jpg,"gdo_cartoon editorial cartoon | political cartoon | caricature | newspaper illustration, pen and ink | cross-hatching | bold outlines | hand-drawn linework | spot color red | mechanical detail rendering | varied line weight, black white and red | limited color | print cartoon | white background, aggressive | violent undertone | satirical | menacing | dark, political condemnation | scathing | war metaphor | accusatory | ironic, centered tank dominates | large caricature head emerging | debris field foreground | speech bubble top left with symbols | diagonal cannon barrel | low angle perspective | small observer bottom right | wide shot | ground scattered with wreckage"
CTN007jpg,"gdo_cartoon editorial cartoon | political cartoon | caricature | newspaper illustration, pen and ink | cross-hatching | bold outlines | hand-drawn linework | varied line weight | dense crowd hatching, black and white | monochrome | print cartoon | white background, violent | oppressive | dark | critical | confrontational, political condemnation | pro-democracy | accusatory | grave | allegoric, left crowd vs right military | oversized symbolic objects | diagonal rocket barrel center | speech bubble top left | tank labeled M7 right | skull and debris foreground | wide landscape format | extreme scale contrast | eye level | horizontal tension across frame"
CTN008jpg,"gdo_cartoon editorial cartoon | political cartoon | caricature | crowd scene | newspaper illustration, pen and ink | cross-hatching | bold outlines | hand-drawn linework | dense crowd detail | varied line weight, black and white | monochrome | print cartoon | white background, chaotic | satirical | frenetic | absurdist | crowded energy, political commentary | ironic | sharp | social critique | darkly comic, dense crowd fill | multiple overlapping figures | signs and placards throughout | two speech bubbles top | foreground to background layering | no clear focal point | wide shot | wall-to-wall characters | busy negative space | eye level"
CTN009jpg,"gdo_cartoon editorial cartoon | political cartoon | caricature | newspaper illustration, pen and ink | cross-hatching | bold outlines | hand-drawn linework | dense black shadow top left | varied line weight | fine detail on objects, black and white | monochrome | print cartoon | white background, contemplative | uncertain | subdued | analytical | tense, political commentary | metaphorical | ironic | understated | dry wit, two subject layout | large symbolic object left | small figure right | strong diagonal shadow top left | implied spotlight | eye level | wide negative space center | object and observer dynamic | minimal ground line | asymmetric balance"
CTN0011jpg,"gdo_cartoon editorial cartoon | political cartoon | caricature | two-panel strip | newspaper illustration, pen and ink | cross-hatching | bold outlines | hand-drawn linework | varied line weight | loose gestural hatching, black and white | monochrome | print cartoon | paneled layout, dark | sardonic | grotesque | critical | bleak, political condemnation | accountability critique | darkly ironic | scathing | allegorical, two panel vertical stack | top panel close-up | bottom panel wide shot | large paper pile dominates lower panel | small figures right of pile | framed top panel | open bottom panel | eye level both panels | skulls at base of pile | speech bubble lower right"
CTN0012jpg,"gdo_cartoon editorial cartoon | political cartoon | caricature | newspaper illustration, pen and ink | cross-hatching | bold outlines | hand-drawn linework | spot color red | varied line weight, black white and red | limited color | print cartoon | white background, confrontational | defiant | critical | aggressive | satirical, political commentary | ironic | sharp | accusatory | deadpan, single dominant figure | centered close-up | large speech bubble right | podium with emblem foreground | small observer bottom right | frontal view | top-heavy composition | minimal background | eye level | asymmetric balance"
CTN0013jpg,"gdo_cartoon editorial cartoon | political cartoon | caricature | newspaper illustration, pen and ink | cross-hatching | bold outlines | hand-drawn linework | varied line weight | fine suit striping detail, black and white | monochrome | print cartoon | white background, dark humour | melancholic | satirical | bleak | wry, political commentary | succession critique | ironic | sardonic | dry wit, two figure layout | standing figure pushes seated figure | wheelchair as prop | IV drip pole detail | speech bubble right | eye level | wide negative space | left to right movement | small observer bottom right | minimal ground line"
CTN0014jpg,"gdo_cartoon editorial cartoon | political cartoon | caricature | two-panel strip | newspaper illustration, pen and ink | cross-hatching | bold outlines | hand-drawn linework | varied line weight | motion lines | expressive splatter marks, black and white | monochrome | print cartoon | paneled layout, aggressive | darkly comic | confrontational | satirical | grotesque, political commentary | sharp | scathing | power critique | ironic, two panel vertical stack | top panel close-up confrontation | bottom panel wide shot aftermath | sound effect text top panel | speech bubble bottom panel | small child figure left | dominant adult figure right | mess on ground lower panel | eye level both panels | bordered top panel open bottom"
CTN0015jpg,"gdo_cartoon editorial cartoon | political cartoon | caricature | full color illustration | newspaper illustration, pen and ink with color wash | bold outlines | painterly color fill | hand-drawn linework | varied line weight | textured background wash, full color | ink and wash | editorial illustration | colored background, violent | dark | oppressive | allegorical | grave, political condemnation | anti-imperialism | scathing | accusatory | symbolic, extreme close-up fist | tiny figure atop fist | medal medallion foreground | blood splatter right | diagonal fist angle | warm grey-blue background | high drama lighting | small observer bottom right | strong diagonal tension | object fills frame"
CTN0016jpg,"gdo_cartoon editorial cartoon | political cartoon | caricature | newspaper illustration, pen and ink | cross-hatching | bold outlines | hand-drawn linework | varied line weight | fine detail on clothing, black and white | monochrome | print cartoon | white background, absurdist | satirical | contemptuous | dry | theatrical, political commentary | power critique | ironic | sardonic | dry wit, two scale groups | large dominant figure left foreground | smaller figures right background | horizontal ground line divides | speech bubble right | caption text bottom right | eye level | wide shot | phone as prop foreground | asymmetric scale contrast"
CTN0017jpg,"gdo_cartoon editorial cartoon | political cartoon | caricature | newspaper illustration, pen and ink | cross-hatching | bold outlines | hand-drawn linework | varied line weight | decorative architectural detail | feather texture on wings, black and white | monochrome | print cartoon | white background, elegiac | humorous | bittersweet | celebratory | warm, tribute | dry wit | political commentary | ironic | affectionate satire, heavenly gate setting | two figure interaction | angel at podium left | arriving figure with luggage right | scroll banner top left | radiant light background center | clouds foreground | speech bubble center bottom | caption text bottom right | eye level | wide shot"CTN0018jpg,"gdo_cartoon editorial cartoon | political cartoon | caricature | newspaper illustration, pen and ink | cross-hatching | bold outlines | hand-drawn linework | varied line weight | dense detail | spot color red, black and white | limited color | black white and red | colored background | print cartoon, satirical | confrontational | exaggerated | critical, political commentary | accountability critique | sharp | power critique, single dominant figure | centered composition | close-up portrait | large symbolic object left | flag right anchor | speech bubble on forehead | minimal background | eye level | asymmetric balance | large negative white space"
CTN0019jpg,"gdo_cartoon editorial cartoon | political cartoon | caricature | newspaper illustration | surrealist metaphor, pen and ink | cross-hatching | bold outlines | hand-drawn linework | varied line weight | dense detail | mechanical detail rendering | motion lines, black and white | monochrome | print cartoon | white background | no color fill, grotesque | satirical | absurdist | dark | exaggerated, scathing | political commentary | social critique | accountability critique | sharp, two figure layout | horizontal spread | left to right narrative flow | large symbolic object left | single dominant figure center | secondary figure right | speech bubble top | dense lower third | eye level | asymmetric balance | extreme scale contrast"
CTN0020jpg,"gdo_cartoon editorial cartoon | political cartoon | caricature | newspaper illustration, pen and ink | cross-hatching | bold outlines | hand-drawn linework | varied line weight | dense detail, black and white | monochrome | colored background | print cartoon | no color fill, satirical | tense | exaggerated | wry | dark, political commentary | accountability critique | ironic | sharp | power critique, single dominant figure | centered composition | close-up portrait | large symbolic object center | minimal background | low angle | asymmetric balance | large negative white space | prop dominates frame"
CTN0021jpg,"gdo_cartoon editorial cartoon | political cartoon | caricature | newspaper illustration, pen and ink | cross-hatching | bold outlines | hand-drawn linework | varied line weight | dense detail | decorative pattern fills, black and white | monochrome | print cartoon | white background | no color fill, threatening | confrontational | exaggerated | oppressive, power critique | political commentary | sharp | accusatory, crowd scene | two dominant figures | extreme scale contrast | speech bubble left | horizontal spread | left to right narrative flow | eye level | dense lower third | asymmetric balance | secondary figure right inset"
CTN0022jpg,"gdo_cartoon editorial cartoon | caricature | newspaper illustration | surrealist metaphor, pen and ink | cross-hatching | bold outlines | hand-drawn linework | varied line weight | gestural strokes | decorative pattern fills | motion lines, black and white | monochrome | print cartoon | white background | no color fill, frenetic | exaggerated | satirical | humorous tension, political commentary | allegoric | metaphorical | social critique, two figure layout | single dominant figure center-right | large symbolic object left | horizontal spread | open layout | eye level | minimal background | asymmetric balance | small figures embedded in instrument"
CTN0023jpg,"gdo_cartoon editorial cartoon | political cartoon | caricature | newspaper illustration, pen and ink | cross-hatching | bold outlines | hand-drawn linework | varied line weight | dense detail | decorative pattern fills, black and white | monochrome | print cartoon | white background | no color fill, satirical | wry | humorous tension | absurdist, political commentary | social critique | allegoric | dry wit, three figure layout | horizontal spread | left to right narrative flow | open layout | eye level | large negative white space | piano as central prop | asymmetric balance | implied ground plane"
CTN0024jpg,"gdo_cartoon editorial cartoon | political cartoon | caricature | newspaper illustration, pen and ink | cross-hatching | bold outlines | hand-drawn linework | varied line weight | dense detail | motion lines, black and white | limited color | colored background | print cartoon, confrontational | violent | satirical | exaggerated | critical, political commentary | accountability critique | sharp | scathing, two figure layout | centered composition | dynamic action pose | large symbolic object top | sign right anchor | wide shot | eye level | minimal background | asymmetric balance | large negative white space"
CTN0025jpg,"gdo_cartoon editorial cartoon | political cartoon | caricature | newspaper illustration, pen and ink | cross-hatching | bold outlines | hand-drawn linework | varied line weight | dense detail | wavy motion lines, black and white | monochrome | print cartoon | white background | no color fill, chaotic | satirical | dark | absurdist | critical, political commentary | accountability critique | allegoric | scathing | power critique, crowd scene | multiple figures on raft | sinking ship top left | horizontal spread | wide shot | low angle | dense lower third | speech bubble top right | asymmetric balance | large symbolic object left background"
CTN0026jpg,"gdo_cartoon editorial cartoon | political cartoon | caricature | multi-panel strip, pen and ink | cross-hatching | bold outlines | hand-drawn linework | varied line weight | dense detail | decorative pattern fills, black and white | monochrome | print cartoon | paneled layout | white background | no color fill, satirical | humorous tension | confrontational | wry, social critique | comparative | dry wit | sharp | ironic, two figure layout | multi-panel | bordered panel | four panel grid | left to right narrative flow | horizontal spread | eye level | speech bubble bottom right | sequential progression | asymmetric balance"
CTN0027jpg,"gdo_cartoon editorial cartoon | political cartoon | caricature | newspaper illustration, pen and ink | cross-hatching | bold outlines | hand-drawn linework | varied line weight | gestural strokes, black and white | colored background | print cartoon | no color fill, satirical | absurdist | wry | humorous tension, political commentary | allegoric | metaphorical | ironic | accountability critique, single dominant figure | centered composition | full body standing pose | scattered paper props | open layout | eye level | large negative white space | text annotation bottom left | asymmetric balance"
CTN0028jpg,"gdo_cartoon editorial cartoon | political cartoon | caricature | newspaper illustration, pen and ink | cross-hatching | bold outlines | hand-drawn linework | varied line weight | dense detail | fine suit striping detail | decorative pattern fills | feather texture, black and white | colored background | monochrome | print cartoon | no color fill, celebratory | satirical | wry | tense, political commentary | power critique | allegoric | ironic | accountability critique, crowd scene | multiple figures | horizontal spread | left to right narrative flow | centered protagonist | eye level | wide shot | dense background figures | prop inset bottom center | asymmetric balance"
CTN0029jpg,"gdo_cartoon editorial cartoon | newspaper illustration | architectural illustration, pen and ink | cross-hatching | bold outlines | hand-drawn linework | varied line weight | dense detail | mechanical detail rendering, black and white | monochrome | print cartoon | white background | no color fill, wry | satirical | humorous tension | absurdist, political commentary | social critique | ironic | dry wit, two figure layout | large architectural prop left | single figure right | horizontal spread | open layout | eye level | text annotation bottom right | asymmetric balance | large negative white space | left to right narrative flow"
CTN0030jpg,"gdo_cartoon editorial cartoon | political cartoon | caricature | newspaper illustration, pen and ink | cross-hatching | bold outlines | hand-drawn linework | varied line weight | dense detail | radiating lines | motion lines, black and white | monochrome | print cartoon | white background | no color fill, confrontational | threatening | satirical | tense | dark, political commentary | accountability critique | sharp | accusatory | power critique, two figure layout | extreme scale contrast | speech bubble top | horizontal spread | open layout | eye level | dense background texture left | asymmetric balance | close-up dominant figure left"
CTN0031jpg,"gdo_cartoon editorial cartoon | political cartoon | caricature | surrealist metaphor | newspaper illustration, pen and ink | cross-hatching | bold outlines | hand-drawn linework | varied line weight | gestural strokes | motion lines, black and white | colored background | print cartoon | no color fill, absurdist | satirical | wry | humorous tension, political commentary | allegoric | metaphorical | ironic, two figure layout | magic hat prop center-left | anthropomorphic figure right | horizontal spread | open layout | eye level | large negative white space | asymmetric balance | full body standing figures"
CTN0032jpg,"gdo_cartoon editorial cartoon | political cartoon | caricature | full color illustration | surrealist metaphor, pen and ink | bold outlines | hand-drawn linework | varied line weight | gestural strokes | decorative pattern fills | painterly color fill, full color | colored background | print cartoon, absurdist | satirical | exaggerated | humorous tension | frenetic, political commentary | allegoric | metaphorical | ironic | comparative, single dominant figure | centered composition | full body standing pose | speech bubble left | open layout | eye level | large negative white space | asymmetric balance | split costume design detail"
CTN0033jpg,"gdo_cartoon editorial cartoon | political cartoon | caricature | multi-panel strip, pen and ink | cross-hatching | bold outlines | hand-drawn linework | varied line weight | dense detail, black and white | colored background | monochrome | print cartoon | paneled layout, satirical | wry | critical | humorous tension, political commentary | comparative | accountability critique | dry wit | power critique, two panel layout | mirrored composition | single dominant figure per panel | centered figures | bordered panel | header text banner top | eye level | asymmetric balance | large negative white space"
CTN0034jpg,"gdo_cartoon editorial cartoon | political cartoon | caricature | newspaper illustration, pen and ink | cross-hatching | bold outlines | hand-drawn linework | varied line weight | dense detail | motion lines | wavy motion lines, black and white | colored background | print cartoon | no color fill, satirical | absurdist | wry | dark, political commentary | social critique | allegoric | dry wit | ironic, two figure layout | dominant figure right | secondary figure left | speech bubble center | horizontal spread | open layout | eye level | large negative white space | text annotation bottom right | asymmetric balance"
CTN0035jpg,"gdo_cartoon editorial cartoon | political cartoon | caricature | newspaper illustration, pen and ink | cross-hatching | bold outlines | hand-drawn linework | varied line weight | dense detail, black and white | colored background | monochrome | print cartoon | no color fill, satirical | dark | grotesque | wry, political commentary | allegoric | anti-imperialism | scathing | metaphorical, two figure layout | handshake central prop | horizontal spread | open layout | eye level | dense lower third props | header text banner top | asymmetric balance | large negative white space"
CTN0036jpg,"gdo_cartoon editorial cartoon | political cartoon | caricature | newspaper illustration, pen and ink | cross-hatching | bold outlines | hand-drawn linework | varied line weight | dense detail | mechanical detail rendering, black and white | monochrome | print cartoon | white background | no color fill, satirical | absurdist | dark | grotesque, political commentary | accountability critique | allegoric | scathing, crowd scene | press conference table | multiple animal-hybrid figures | portrait inset top right | camera equipment left | horizontal spread | eye level | speech bubble top left | dense figure grouping | asymmetric balance"
CTN0037jpg,"gdo_cartoon editorial cartoon | political cartoon | caricature | newspaper illustration, pen and ink | cross-hatching | bold outlines | hand-drawn linework | varied line weight | dense detail, black and white | monochrome | print cartoon | white background | no color fill, satirical | dark | critical | grotesque | wry, political commentary | accountability critique | allegoric | scathing | ironic, crowd scene | two dominant figures left | cigar box prop center-foreground | multiple figures right | horizontal spread | eye level | speech bubble top left | dense figure grouping right | labeled props foreground | asymmetric balance"
CTN0038jpg,"gdo_cartoon editorial cartoon | political cartoon | caricature | multi-panel strip, pen and ink | cross-hatching | bold outlines | hand-drawn linework | varied line weight | dense detail | motion lines | radiating lines, black and white | monochrome | print cartoon | paneled layout | white background | no color fill, satirical | frenetic | absurdist | humorous tension | wry, political commentary | power critique | dry wit | ironic | accountability critique, six panel layout | sequential action narrative | single recurring figure | multi-panel | bordered panel | left to right narrative flow | eye level | speech bubble final panel | asymmetric balance | dense action lines throughout"
CTN0039jpg,"gdo_cartoon editorial cartoon | political cartoon | caricature | multi-panel strip, pen and ink | cross-hatching | bold outlines | hand-drawn linework | varied line weight | dense detail | motion lines, black and white | monochrome | print cartoon | paneled layout | white background | no color fill, satirical | dark | critical | wry | melancholic, political commentary | power critique | succession critique | allegoric | darkly ironic, six panel layout | sequential narrative aging progression | single recurring figure | multi-panel | bordered panel | left to right narrative flow | speech bubble per panel | final panel coffin prop | asymmetric balance | dense prop detail per panel"
CTN0040jpg,"gdo_cartoon editorial cartoon | political cartoon | caricature | newspaper illustration, pen and ink | cross-hatching | bold outlines | hand-drawn linework | varied line weight | dense detail | decorative pattern fills, black and white | monochrome | print cartoon | white background | no color fill, satirical | dark | grotesque | chaotic, political commentary | power critique | allegoric | scathing | darkly ironic, crowd scene | coffin prop center | animal-hybrid figures | horizontal spread | eye level | dense upper third figures | portrait inset on coffin | secondary figure right foreground | large negative white space top | asymmetric balance"
CTN0041jpg,"gdo_cartoon editorial cartoon | political cartoon | caricature | newspaper illustration, pen and ink | cross-hatching | bold outlines | hand-drawn linework | varied line weight | dense detail, black and white | monochrome | print cartoon | white background | no color fill, satirical | critical | confrontational | dark, political commentary | accountability critique | allegoric | pro-democracy | sharp, single dominant figure left | five cloned runner figures right | stadium background | horizontal spread | wide shot | eye level | sign prop top right | large negative white space | asymmetric balance | left to right narrative flow"
CTN0042jpg,"gdo_cartoon editorial cartoon | political cartoon | caricature | newspaper illustration, pen and ink | cross-hatching | bold outlines | hand-drawn linework | varied line weight | dense detail, black and white | monochrome | print cartoon | white background | no color fill, elegiac | celebratory | bittersweet | contemplative, tribute | political commentary | allegoric | resigned, five figure lineup | stage curtain framing | horizontal spread | header text banner top | full body standing figures | eye level | raised hands gesture | large negative white space | centered composition | asymmetric balance"
CTN0043jpg,"gdo_cartoon editorial cartoon | political cartoon | caricature | newspaper illustration, pen and ink | cross-hatching | bold outlines | hand-drawn linework | varied line weight | dense detail | spot color red, black and white | limited color | black white and red | print cartoon | white background, dark | oppressive | grotesque | violent | critical, political condemnation | accountability critique | scathing | pro-democracy | power critique, two dominant figures top center | crowd scene lower center | armed silhouettes flanking | vertical layering | extreme scale contrast | speech bubble top right | large symbolic mound center | wide shot | eye level | asymmetric balance"
CTN0044jpg,"gdo_cartoon editorial cartoon | political cartoon | caricature | newspaper illustration, pen and ink | cross-hatching | bold outlines | hand-drawn linework | varied line weight | dense detail | mechanical detail rendering | spot color red, black and white | limited color | black white and red | print cartoon | white background, dark | oppressive | chaotic | grotesque | critical, political condemnation | accountability critique | scathing | pro-democracy | power critique, courtroom scene | judge top center | defendants left | lawyers center | crowd lower third | mass of victims right | wide shot | low angle | dense crowd filling frame | asymmetric balance"
CTN0045jpg,"gdo_cartoon editorial cartoon | political cartoon | caricature | newspaper illustration, pen and ink | cross-hatching | bold outlines | hand-drawn linework | varied line weight | dense detail | mechanical detail rendering | spot color red, black and white | limited color | black white and red | print cartoon | white background, dark | oppressive | violent | grotesque | critical, political condemnation | accountability critique | scathing | pro-democracy | power critique, single driver figure center | bulldozer as central prop | armed figures flanking | mass of victims lower third | wide shot | low angle | text annotation bottom left | dense lower third | asymmetric balance | extreme scale contrast"
CTN0046jpg,"gdo_cartoon editorial cartoon | political cartoon | caricature | newspaper illustration, pen and ink | cross-hatching | bold outlines | hand-drawn linework | varied line weight | dense detail | spot color red, black and white | limited color | black white and red | print cartoon | white background, satirical | tense | dark | wry, political commentary | accountability critique | sharp | darkly ironic | power critique, single dominant figure right | desk prop center | speech bubble left | open layout | eye level | large negative white space | asymmetric balance | dark textured background top left"
CTN0047jpg,"gdo_cartoon editorial cartoon | political cartoon | caricature | surrealist metaphor | newspaper illustration, pen and ink | cross-hatching | bold outlines | hand-drawn linework | varied line weight | dense detail | motion lines, black and white | monochrome | print cartoon | white background | no color fill, satirical | dark | oppressive | critical, political commentary | power critique | accountability critique | allegoric | scathing, three figure layout | puppet strings from top | puppeteer hand top center | two marionette figures below | vertical layering | open layout | eye level | large negative white space | asymmetric balance | extreme scale contrast top to bottom"
CTN0048jpg,"gdo_cartoon editorial cartoon | political cartoon | caricature | full color illustration, pen and ink | bold outlines | hand-drawn linework | varied line weight | gestural strokes | spot color red | painterly color fill, full color | limited color | black white and red | colored background | print cartoon, satirical | dark | grotesque | confrontational | critical, political condemnation | accountability critique | scathing | pro-democracy | power critique, five figure lineup | horizontal spread | centered composition | header text banner top | prop book top right | full body standing figures | eye level | raised hands gesture | text annotation bottom right | asymmetric balance"
CTN0049jpg,"gdo_cartoon editorial cartoon | political cartoon | caricature | surrealist metaphor | newspaper illustration, pen and ink | cross-hatching | bold outlines | hand-drawn linework | varied line weight | dense detail | motion lines, black and white | monochrome | print cartoon | white background | no color fill, satirical | dark | oppressive | confrontational | critical, political commentary | power critique | accountability critique | allegoric | scathing, three figure layout | extreme scale contrast | puppet strings from top | dominant figure right | two marionette figures lower left | speech bubble top left | vertical layering | open layout | eye level | asymmetric balance"
CTN0050jpg,"gdo_cartoon editorial cartoon | political cartoon | caricature | newspaper illustration, pen and ink | bold outlines | hand-drawn linework | varied line weight | gestural strokes, black and white | colored background | monochrome | print cartoon | no color fill, dark | oppressive | satirical | tense | critical, political condemnation | accountability critique | scathing | pro-democracy | power critique, two silhouette figures | centered composition | speech bubble top | scroll prop left | open layout | eye level | large negative white space | text annotation bottom right | asymmetric balance | minimal background"
CTN0051jpg,"gdo_cartoon editorial cartoon | political cartoon | caricature | newspaper illustration, pen and ink | cross-hatching | bold outlines | hand-drawn linework | varied line weight | dense detail | mechanical detail rendering | motion lines, black and white | colored background | monochrome | print cartoon | no color fill, satirical | wry | humorous tension | absurdist, political commentary | allegoric | metaphorical | ironic | dry wit, single dominant vehicle prop | two figures inside vehicle | horizontal spread | open layout | eye level | large negative white space | text on vehicle body | text annotation bottom right | asymmetric balance | left to right motion implied"
CTN0052jpg,"gdo_cartoon editorial cartoon | political cartoon | caricature | full color illustration, pen and ink | bold outlines | hand-drawn linework | varied line weight | dense detail | painterly color fill | motion lines, full color | colored background | print cartoon, confrontational | tense | satirical | dark | critical, political condemnation | accountability critique | scathing | pro-democracy | power critique, two figure layout | extreme scale contrast | dominant figure right | secondary figure left | gun prop center | phone prop lower left | close-up | eye level | large negative white space | asymmetric balance"
CTN0053jpg,"gdo_cartoon editorial cartoon | political cartoon | caricature | full color illustration, pen and ink | bold outlines | hand-drawn linework | varied line weight | dense detail | painterly color fill | spot color red, full color | limited color | black white and red | colored background | print cartoon, dark | grotesque | satirical | confrontational | critical, political condemnation | accountability critique | scathing | anti-imperialism | power critique, two figure layout | handshake central prop | flags flanking | horizontal spread | open layout | eye level | speech bubble top | large negative white space | asymmetric balance | dense detail on figures"
CTN0054jpg,"gdo_cartoon editorial cartoon | political cartoon | caricature | newspaper illustration, pen and ink | cross-hatching | bold outlines | hand-drawn linework | varied line weight | dense detail | motion lines, black and white | monochrome | print cartoon | white background | no color fill, satirical | absurdist | wry | humorous tension | dark, political commentary | power critique | accountability critique | allegoric | dry wit, three figure layout | two dominant figures | trash bin prop left | horizontal spread | open layout | eye level | dual speech bubbles top | text annotation bottom right | asymmetric balance | large negative white space"
CTN0055jpg,"gdo_cartoon editorial cartoon | political cartoon | caricature | full color illustration, pen and ink | bold outlines | hand-drawn linework | varied line weight | gestural strokes | painterly color fill | motion lines, full color | colored background | print cartoon, satirical | wry | humorous tension | absurdist, political commentary | allegoric | metaphorical | dry wit | power critique, two figure layout | dominant figure left | three animal figures right | horizontal spread | open layout | eye level | text annotation bottom right | large negative white space | asymmetric balance | left to right narrative flow"
CTN0056jpg,"gdo_cartoon editorial cartoon | political cartoon | caricature | newspaper illustration, pen and ink | cross-hatching | bold outlines | hand-drawn linework | varied line weight | dense detail | mechanical detail rendering | feather texture, black and white | monochrome | print cartoon | white background | no color fill, dark | satirical | grotesque | oppressive, political commentary | accountability critique | allegoric | scathing | social critique, single dominant figure center | pulpit prop center | crowd scene background | laundry machine prop right foreground | wide shot | eye level | speech bubble top left | text annotation bottom right | dense architectural background | asymmetric balance"
CTN0057jpg,"gdo_cartoon editorial cartoon | political cartoon | caricature | newspaper illustration, pen and ink | cross-hatching | bold outlines | hand-drawn linework | varied line weight | dense detail | motion lines, black and white | monochrome | print cartoon | white background | no color fill, satirical | absurdist | wry | dark | grotesque, political commentary | power critique | accountability critique | allegoric | scathing, crowd scene | multiple figures | two dominant center figures | brain prop center | horizontal spread | eye level | large negative white space top | dense figure grouping | asymmetric balance | circular action implied"
CTN0058jpg,"gdo_cartoon editorial cartoon | political cartoon | caricature | newspaper illustration, pen and ink | cross-hatching | bold outlines | hand-drawn linework | varied line weight | dense detail | mechanical detail rendering, black and white | monochrome | print cartoon | white background | no color fill, satirical | tense | confrontational | dark | wry, political commentary | power critique | allegoric | sharp | accountability critique, two figure layout | desk prop left | glass case prop right | horizontal spread | open layout | eye level | speech bubble left | labeled prop right | text annotation bottom right | asymmetric balance"
CTN0059jpg,"gdo_cartoon editorial cartoon | political cartoon | caricature | newspaper illustration, pen and ink | cross-hatching | bold outlines | hand-drawn linework | varied line weight | dense detail, black and white | monochrome | print cartoon | white background | no color fill, satirical | dark | wry | grotesque | humorous tension, political commentary | power critique | allegoric | ironic | accountability critique, two figure layout | throne prop left | large animal prop right | horizontal spread | open layout | eye level | text on animal prop | text annotation bottom right | asymmetric balance | large negative white space top"
CTN0060jpg,"gdo_cartoon editorial cartoon | political cartoon | caricature | newspaper illustration, pen and ink | cross-hatching | bold outlines | hand-drawn linework | varied line weight | dense detail, black and white | monochrome | print cartoon | white background | no color fill, satirical | wry | absurdist | humorous tension, political commentary | social critique | allegoric | ironic | dry wit, crowd scene | multiple robed figures | ballot box central prop | wide shot | eye level | speech bubble top left | dense figure grouping | large negative white space | asymmetric balance | rear view foreground figures"
CTN0061jpg,"gdo_cartoon editorial cartoon | political cartoon | caricature | newspaper illustration, pen and ink | cross-hatching | bold outlines | hand-drawn linework | varied line weight | dense detail | spot color red | motion lines, black and white | limited color | black white and red | print cartoon | white background, dark | grotesque | violent | satirical | critical, political condemnation | accountability critique | scathing | sharp | power critique, single torso figure center | severed head lower left | severed limbs scattered | chainsaw prop center | horizontal spread | open layout | eye level | text annotation bottom right | large negative white space | asymmetric balance"
CTN0062jpg,"gdo_cartoon editorial cartoon | political cartoon | caricature | newspaper illustration, pen and ink | cross-hatching | bold outlines | hand-drawn linework | varied line weight | dense detail, black and white | monochrome | print cartoon | white background | no color fill, satirical | oppressive | dark | absurdist | critical, political commentary | social critique | allegoric | sharp | power critique, two panel layout | single figure top panel | crowd scene bottom panel | vertical layering | bordered panel | speech bubble top left | phone-headed crowd lower panel | wide shot lower | eye level | asymmetric balance"
CTN0063jpg,"gdo_cartoon editorial cartoon | political cartoon | caricature | surrealist metaphor | newspaper illustration, pen and ink | cross-hatching | bold outlines | hand-drawn linework | varied line weight | dense detail | circular inset rendering, black and white | monochrome | print cartoon | white background | no color fill, satirical | dark | grotesque | wry | absurdist, political commentary | accountability critique | allegoric | scathing | social critique, single animal figure left | circular inset right | arrow indicator | open layout | eye level | large negative white space | asymmetric balance | labeled props on figure | zoom-in inset detail right"
CTN0064jpg,"gdo_cartoon editorial cartoon | political cartoon | caricature | newspaper illustration, pen and ink | cross-hatching | bold outlines | hand-drawn linework | varied line weight | dense detail | wavy motion lines, black and white | monochrome | print cartoon | white background | no color fill, satirical | wry | absurdist | humorous tension | dry, social critique | ironic | allegoric | dry wit | metaphorical, architectural prop right | two bird figures lower center | chimney smoke dominant upper | horizontal spread | open layout | eye level | speech bubble center | large negative white space | asymmetric balance | dense smoke upper third"
CTN0065jpg,"gdo_cartoon editorial cartoon | political cartoon | caricature | newspaper illustration, pen and ink | cross-hatching | bold outlines | hand-drawn linework | varied line weight | dense detail | motion lines | radiating lines, black and white | monochrome | print cartoon | white background | no color fill, chaotic | satirical | dark | absurdist | grotesque, political commentary | power critique | accountability critique | allegoric | scathing, two dominant figures center-bottom | scattered objects filling frame | umbrella central prop | wide shot | eye level | text annotation bottom right | dense scattered debris throughout | asymmetric balance | falling objects rain composition"
CTN0066jpg,"gdo_cartoon editorial cartoon | political cartoon | caricature | newspaper illustration, pen and ink | cross-hatching | bold outlines | hand-drawn linework | varied line weight | dense detail | motion lines, black and white | monochrome | print cartoon | white background | no color fill, confrontational | tense | satirical | critical, political commentary | power critique | sharp | accountability critique | anti-imperialism, two figure layout | extreme scale contrast | labeled prop center | horizontal spread | open layout | eye level | large negative white space | asymmetric balance | left to right narrative flow | motion implied right to left"
CTN0067jpg,"gdo_cartoon editorial cartoon | political cartoon | caricature | newspaper illustration, pen and ink | cross-hatching | bold outlines | hand-drawn linework | varied line weight | dense detail, black and white | monochrome | print cartoon | white background | no color fill, melancholic | dark | contemplative | elegiac, political commentary | accountability critique | allegoric | scathing | metaphorical, single dominant figure center | dense graveyard props filling frame | wide shot | eye level | minimal negative space | asymmetric balance | vertical layering | figure surrounded by tombstones | implied ground plane | no speech bubble"
CTN0068jpg,"gdo_cartoon editorial cartoon | political cartoon | caricature | newspaper illustration, pen and ink | cross-hatching | bold outlines | hand-drawn linework | varied line weight | dense detail | motion lines, black and white | monochrome | print cartoon | white background | no color fill, satirical | dark | confrontational | critical | grotesque, political condemnation | accountability critique | scathing | pro-democracy | power critique, two podium layout | single figure left podium | chaotic crowd right | horizontal spread | open layout | eye level | header text banner top | large negative white space | asymmetric balance | left figure calm vs right chaos contrast"
CTN0069jpg,"gdo_cartoon editorial cartoon | political cartoon | caricature | newspaper illustration, pen and ink | cross-hatching | bold outlines | hand-drawn linework | varied line weight | dense detail, black and white | monochrome | print cartoon | white background | no color fill, satirical | dark | grotesque | wry | absurdist, political commentary | accountability critique | allegoric | scathing | power critique, two figure layout | conjoined figures | centered composition | labeled prop on figures | open layout | eye level | large negative white space | asymmetric balance | full body standing pose | no speech bubble"
CTN0070jpg,"gdo_cartoon editorial cartoon | political cartoon | caricature | newspaper illustration, pen and ink | cross-hatching | bold outlines | hand-drawn linework | varied line weight | dense detail | motion lines, black and white | monochrome | print cartoon | white background | no color fill, dark | grotesque | critical | satirical | confrontational, political condemnation | accountability critique | scathing | pro-democracy | power critique, two dominant figures right | four armed figures left | victim figures lower center | horizontal spread | wide shot | eye level | portrait inset top right | large negative white space | asymmetric balance | left to right chain of command"
CTN0071jpg,"gdo_cartoon editorial cartoon | political cartoon | caricature | newspaper illustration, pen and ink | cross-hatching | bold outlines | hand-drawn linework | varied line weight | dense detail | mechanical detail rendering, black and white | monochrome | print cartoon | white background | no color fill, satirical | wry | absurdist | humorous tension, political commentary | allegoric | metaphorical | ironic | dry wit, two panel layout | close-up left panel | full figure right panel | spin wheel prop right | bordered panel left | open layout right | speech bubble top left | labeled wheel segments | text annotation bottom right | asymmetric balance"
CTN0072jpg,"gdo_cartoon editorial cartoon | political cartoon | caricature | multi-panel strip, pen and ink | cross-hatching | bold outlines | hand-drawn linework | varied line weight | dense detail | motion lines, black and white | monochrome | print cartoon | paneled layout | white background | no color fill, dark | satirical | critical | grotesque | escalating tension, political commentary | power critique | accountability critique | darkly ironic | scathing, three panel layout | sequential narrative escalation | two recurring figures | multi-panel | bordered panel | left to right narrative flow | header text per panel | final panel violent action | asymmetric balance | eye level"
CTN0073jpg,"gdo_cartoon editorial cartoon | political cartoon | caricature | newspaper illustration, pen and ink | cross-hatching | bold outlines | hand-drawn linework | varied line weight | dense detail | motion lines, black and white | monochrome | print cartoon | white background | no color fill, satirical | wry | absurdist | chaotic | humorous tension, political commentary | power critique | allegoric | ironic | social critique, crowd scene | multiple figures | emperor figure center | child figure lower right | horizontal spread | eye level | multiple speech bubbles top | text annotation bottom right | dense figure grouping | asymmetric balance"
CTN0074jpg,"gdo_cartoon editorial cartoon | political cartoon | caricature | newspaper illustration, pen and ink | cross-hatching | bold outlines | hand-drawn linework | varied line weight | dense detail | motion lines, black and white | monochrome | print cartoon | white background | no color fill, satirical | confrontational | wry | humorous tension, political commentary | accountability critique | allegoric | sharp | pro-democracy, two panel layout | sequential action | two recurring figures per panel | shield and spear props | bordered panel top | open layout bottom | speech bubble bottom right | labeled props | text annotation bottom right | asymmetric balance"
CTN0075jpg,"gdo_cartoon editorial cartoon | political cartoon | caricature | newspaper illustration, pen and ink | cross-hatching | bold outlines | hand-drawn linework | varied line weight | dense detail | mechanical detail rendering, black and white | monochrome | print cartoon | white background | no color fill, satirical | chaotic | dark | absurdist | critical, political commentary | accountability critique | allegoric | scathing | social critique, crowd scene | architectural prop background center | jesus figure center-left | dominant figure lower right | horizontal spread | wide shot | eye level | header text top | scattered labeled props foreground | asymmetric balance"
CTN0076jpg,"gdo_cartoon editorial cartoon | political cartoon | caricature | newspaper illustration, pen and ink | cross-hatching | bold outlines | hand-drawn linework | varied line weight | dense detail, black and white | monochrome | print cartoon | white background | no color fill, dark | satirical | grotesque | critical | wry, political commentary | accountability critique | allegoric | scathing | power critique, three figure layout | hospital bed prop right | two standing figures left | anthropomorphic map figure in bed | horizontal spread | open layout | eye level | speech bubble top | labeled prop bed frame | text annotation bottom right | asymmetric balance"
CTN0077jpg,"gdo_cartoon editorial cartoon | political cartoon | caricature | newspaper illustration, pen and ink | cross-hatching | bold outlines | hand-drawn linework | varied line weight | dense detail | motion lines, black and white | monochrome | print cartoon | white background | no color fill, satirical | grotesque | absurdist | dark | wry, political commentary | power critique | allegoric | scathing | ironic, two dominant figures | architectural prop left | crowd of figures right | horizontal spread | open layout | eye level | speech bubble top | labeled prop center figure | text annotation bottom right | asymmetric balance"
CTN0078jpg,"gdo_cartoon editorial cartoon | political cartoon | caricature | newspaper illustration, pen and ink | cross-hatching | bold outlines | hand-drawn linework | varied line weight | dense detail, black and white | monochrome | print cartoon | white background | no color fill, satirical | grotesque | dark | absurdist | wry, political commentary | power critique | allegoric | scathing | ironic, extreme close-up | single dominant torso figure | small figure in chest pocket | spoon feeding prop | labeled document prop | low angle | minimal negative space | text annotation bottom right | asymmetric balance | surrealist scale contrast"
CTN0079jpg,"gdo_cartoon editorial cartoon | political cartoon | caricature | multi-panel strip, pen and ink | cross-hatching | bold outlines | hand-drawn linework | varied line weight | dense detail | motion lines, black and white | monochrome | print cartoon | paneled layout | white background | no color fill, satirical | confrontational | wry | humorous tension | critical, political commentary | power critique | dry wit | ironic | accountability critique, four panel layout | two recurring figures per panel | podium prop recurring | multi-panel | bordered panel | left to right narrative flow | speech bubbles per panel | asymmetric balance | eye level | sequential escalation"
CTN0080jpg,"gdo_cartoon editorial cartoon | political cartoon | caricature | newspaper illustration, pen and ink | cross-hatching | bold outlines | hand-drawn linework | varied line weight | dense detail | mechanical detail rendering, black and white | monochrome | print cartoon | white background | no color fill, satirical | chaotic | wry | dark | humorous tension, political commentary | power critique | allegoric | accountability critique | ironic, crowd scene | airport conveyor belt central prop | dominant figure left | opposing figure right | horizontal spread | eye level | speech bubble top | labeled luggage props | text annotation bottom right | asymmetric balance"
CTN0081jpg,"gdo_cartoon editorial cartoon | political cartoon | caricature | newspaper illustration, pen and ink | cross-hatching | bold outlines | hand-drawn linework | varied line weight | dense detail | mechanical detail rendering, black and white | monochrome | print cartoon | white background | no color fill, satirical | wry | absurdist | dark, political commentary | allegoric | metaphorical | ironic | power critique, single dominant aircraft prop | small figure visible in cockpit | horizontal spread | open layout | eye level | speech bubble top left | labeled prop on aircraft body | text annotation bottom right | large negative white space | asymmetric balance"
CTN0082jpg,"gdo_cartoon editorial cartoon | political cartoon | caricature | newspaper illustration, pen and ink | cross-hatching | bold outlines | hand-drawn linework | varied line weight | dense detail | spot color red, black and white | limited color | black white and red | print cartoon | white background, dark | satirical | confrontational | grotesque | critical, political condemnation | accountability critique | scathing | pro-democracy | power critique, two figure layout | dominant figure right photographing | four armed figures left | victim figures lower center | horizontal spread | wide shot | eye level | large negative white space | asymmetric balance | phone prop right foreground"
CTN0083jpg,"gdo_cartoon editorial cartoon | political cartoon | caricature | full color illustration, pen and ink | bold outlines | hand-drawn linework | varied line weight | gestural strokes | decorative pattern fills | painterly color fill, full color | colored background | print cartoon, satirical | wry | absurdist | dark | humorous tension, political commentary | power critique | allegoric | succession critique | ironic, three figure layout | massive herd fills background | dominant figure center | secondary figures flanking | horizontal spread | wide shot | eye level | speech bubble top left | labeled herd background | text annotation bottom right | asymmetric balance"
CTN0084jpg,"gdo_cartoon editorial cartoon | political cartoon | caricature | newspaper illustration, pen and ink | cross-hatching | bold outlines | hand-drawn linework | varied line weight | dense detail | fine suit striping detail | motion lines, black and white | monochrome | print cartoon | white background | no color fill, dark | grotesque | critical | confrontational | satirical, political condemnation | accountability critique | scathing | pro-democracy | power critique, extreme scale contrast | dominant figure left foreground | victim figures lower center | grieving figures right | horizontal spread | wide shot | eye level | speech bubble top right | scattered bullet casings foreground | asymmetric balance"
CTN0085jpg,"gdo_cartoon editorial cartoon | political cartoon | caricature | newspaper illustration, pen and ink | cross-hatching | bold outlines | hand-drawn linework | varied line weight | dense detail | mechanical detail rendering, black and white | monochrome | print cartoon | white background | no color fill, satirical | confrontational | critical | dark | wry, political commentary | power critique | accountability critique | allegoric | scathing, single dominant figure right | dense landscape background | large volcanic mountain prop | megaphone prop center | labeled text streams left | wide shot | eye level | sign prop lower center | text annotation bottom right | asymmetric balance"
CTN0086jpg,"ctoon_style editorial cartoon | political cartoon | multi-panel strip | newspaper illustration, pen and ink | bold outlines | hand-drawn linework | varied line weight | minimal detail | flat rendering, black and white | monochrome | print cartoon | paneled layout | white background | no color fill, dark | melancholic | elegiac | critical | tense, political condemnation | allegoric | metaphorical | darkly ironic | social critique, two panel layout | mirrored rear-view composition | adult and child figure pair per panel | bordered panel | left to right narrative flow | speech bubble per panel | vehicle prop right panel | minimal background | eye level | asymmetric balance"
CTN0087jpg,"gdo_cartoon editorial cartoon | political cartoon | caricature | surrealist metaphor | newspaper illustration, pen and ink | cross-hatching | bold outlines | hand-drawn linework | varied line weight | dense detail | gestural strokes | motion lines, black and white | monochrome | print cartoon | white background | no color fill, satirical | grotesque | dark | absurdist | wry, political commentary | accountability critique | allegoric | scathing | social critique, three figure layout | dominant animal prop center | rider figure atop animal | two standing figures right | horizontal spread | open layout | eye level | speech bubble top right | labeled animal prop | dense lower third | asymmetric balance"
